	2bit	3bit	4bit
100100100100100100100100100100100100100100100100100100100100	1.5845456501936614	1.5845360398068222	1.584962500721156
010010010010010010010010010010010010010010010010010010010010	1.5845456501936614	1.5845360398068222	1.584962500721156
100100100100100100100100100100010010010010010010010010010010	1.5845456501936614	1.6832936112261172	1.783277333334016
